[
  {
    "id": "absorption_health",
    "type": "number"
  },
  {
    "id": "action_count_per_tick",
    "type": "number"
  },
  {
    "id": "age",
    "type": "number"
  },
  {
    "id": "armor_items",
    "type": "array"
  },
  {
    "id": "armor_points",
    "type": "number"
  },
  {
    "id": "armor_toughness",
    "type": "number"
  },
  {
    "id": "arrows_in_body",
    "type": "number"
  },
  {
    "id": "attached_leads",
    "type": "array"
  },
  {
    "id": "attack_cooldown_strength",
    "type": "number"
  },
  {
    "id": "attack_cooldown_ticks",
    "type": "number"
  },
  {
    "id": "attack_damage",
    "type": "number"
  },
  {
    "id": "attack_speed",
    "type": "number"
  },
  {
    "id": "block_beneath",
    "type": "location"
  },
  {
    "id": "blocks_beneath",
    "type": "array"
  },
  {
    "id": "body_yaw",
    "type": "number"
  },
  {
    "id": "cape_location",
    "type": "location"
  },
  {
    "id": "cardinal_direction",
    "type": "text"
  },
  {
    "id": "chat_visibility",
    "type": "text"
  },
  {
    "id": "client_brand_name",
    "type": "text"
  },
  {
    "id": "client_view_distance",
    "type": "number"
  },
  {
    "id": "clientside_locale",
    "type": "text"
  },
  {
    "id": "cpu_usage",
    "type": "number"
  },
  {
    "id": "current_health",
    "type": "number"
  },
  {
    "id": "cursor_item",
    "type": "item"
  },
  {
    "id": "custom_inventory_items",
    "type": "array"
  },
  {
    "id": "direction_of_view",
    "type": "vector"
  },
  {
    "id": "display_entity_left_rotation",
    "type": "vector"
  },
  {
    "id": "display_entity_right_rotation",
    "type": "vector"
  },
  {
    "id": "display_entity_scale",
    "type": "vector"
  },
  {
    "id": "display_entity_translation",
    "type": "vector"
  },
  {
    "id": "display_name",
    "type": "text"
  },
  {
    "id": "entity_fuse_ticks",
    "type": "number"
  },
  {
    "id": "entity_height",
    "type": "number"
  },
  {
    "id": "entity_item",
    "type": "item"
  },
  {
    "id": "entity_ticks_lived",
    "type": "number"
  },
  {
    "id": "entity_type",
    "type": "text"
  },
  {
    "id": "entity_width_x",
    "type": "number"
  },
  {
    "id": "entity_width_z",
    "type": "number"
  },
  {
    "id": "event_added_items",
    "type": "map"
  },
  {
    "id": "event_advancement_tab_name",
    "type": "text"
  },
  {
    "id": "event_anvil_rename_input",
    "type": "text"
  },
  {
    "id": "event_block_face",
    "type": "text"
  },
  {
    "id": "event_block_location",
    "type": "location"
  },
  {
    "id": "event_blocks_involved",
    "type": "array"
  },
  {
    "id": "event_chat_message",
    "type": "text"
  },
  {
    "id": "event_close_inventory_cause",
    "type": "text"
  },
  {
    "id": "event_damage",
    "type": "number"
  },
  {
    "id": "event_damage_cause",
    "type": "text"
  },
  {
    "id": "event_drag_type",
    "type": "text"
  },
  {
    "id": "event_enchantment_hint",
    "type": "text"
  },
  {
    "id": "event_enchantment_level_hint",
    "type": "number"
  },
  {
    "id": "event_enchantments_to_add",
    "type": "map"
  },
  {
    "id": "event_equipment_slot",
    "type": "text"
  },
  {
    "id": "event_exhaustion_amount",
    "type": "number"
  },
  {
    "id": "event_exhaustion_reason",
    "type": "text"
  },
  {
    "id": "event_experience",
    "type": "number"
  },
  {
    "id": "event_fail_move_reason",
    "type": "text"
  },
  {
    "id": "event_final_damage",
    "type": "number"
  },
  {
    "id": "event_fish_state",
    "type": "text"
  },
  {
    "id": "event_food_level",
    "type": "number"
  },
  {
    "id": "event_from_location",
    "type": "location"
  },
  {
    "id": "event_hanging_break_cause",
    "type": "text"
  },
  {
    "id": "event_heal_amount",
    "type": "number"
  },
  {
    "id": "event_heal_cause",
    "type": "text"
  },
  {
    "id": "event_hotbar_slot",
    "type": "number"
  },
  {
    "id": "event_interaction",
    "type": "text"
  },
  {
    "id": "event_inventory_action",
    "type": "text"
  },
  {
    "id": "event_inventory_click_type",
    "type": "text"
  },
  {
    "id": "event_item",
    "type": "item"
  },
  {
    "id": "event_items",
    "type": "array"
  },
  {
    "id": "event_knockback_cause",
    "type": "text"
  },
  {
    "id": "event_knockback_event_type",
    "type": "text"
  },
  {
    "id": "event_knockback_vector",
    "type": "vector"
  },
  {
    "id": "event_message",
    "type": "text"
  },
  {
    "id": "event_new_location",
    "type": "location"
  },
  {
    "id": "event_new_potion_effect",
    "type": "potion"
  },
  {
    "id": "event_power",
    "type": "number"
  },
  {
    "id": "event_projectile_item",
    "type": "item"
  },
  {
    "id": "event_query_info",
    "type": "text"
  },
  {
    "id": "event_replaced_block",
    "type": "text"
  },
  {
    "id": "event_sign_lines",
    "type": "array"
  },
  {
    "id": "event_sign_side",
    "type": "text"
  },
  {
    "id": "event_slot",
    "type": "number"
  },
  {
    "id": "event_slot_type",
    "type": "text"
  },
  {
    "id": "event_slots_involved",
    "type": "array"
  },
  {
    "id": "event_teleport_cause",
    "type": "text"
  },
  {
    "id": "event_ticks_held_for",
    "type": "number"
  },
  {
    "id": "event_time_skip_amount",
    "type": "number"
  },
  {
    "id": "event_time_skip_reason",
    "type": "text"
  },
  {
    "id": "event_transform_reason",
    "type": "text"
  },
  {
    "id": "event_transformed_entities",
    "type": "array"
  },
  {
    "id": "event_tree_type",
    "type": "text"
  },
  {
    "id": "event_velocity",
    "type": "vector"
  },
  {
    "id": "experience_level",
    "type": "number"
  },
  {
    "id": "experience_progress",
    "type": "number"
  },
  {
    "id": "eye_location",
    "type": "location"
  },
  {
    "id": "fall_distance",
    "type": "number"
  },
  {
    "id": "fire_ticks",
    "type": "number"
  },
  {
    "id": "flying_speed",
    "type": "number"
  },
  {
    "id": "food_exhaustion",
    "type": "number"
  },
  {
    "id": "food_level",
    "type": "number"
  },
  {
    "id": "food_saturation",
    "type": "number"
  },
  {
    "id": "freeze_ticks",
    "type": "number"
  },
  {
    "id": "gamemode",
    "type": "text"
  },
  {
    "id": "held_slot",
    "type": "number"
  },
  {
    "id": "hitbox_midpoint_location",
    "type": "location"
  },
  {
    "id": "hotbar_items",
    "type": "array"
  },
  {
    "id": "inventory_items",
    "type": "array"
  },
  {
    "id": "invulnerability_ticks",
    "type": "number"
  },
  {
    "id": "item_usage_progress",
    "type": "number"
  },
  {
    "id": "last_damage_cause",
    "type": "text"
  },
  {
    "id": "lead_holder",
    "type": "text"
  },
  {
    "id": "location",
    "type": "location"
  },
  {
    "id": "main_hand",
    "type": "text"
  },
  {
    "id": "main_hand_item",
    "type": "item"
  },
  {
    "id": "max_health",
    "type": "number"
  },
  {
    "id": "max_invulnerability_ticks",
    "type": "number"
  },
  {
    "id": "merchant_recipe_count",
    "type": "number"
  },
  {
    "id": "name",
    "type": "text"
  },
  {
    "id": "off_hand_item",
    "type": "item"
  },
  {
    "id": "open_inventory_size",
    "type": "number"
  },
  {
    "id": "open_inventory_title",
    "type": "text"
  },
  {
    "id": "open_inventory_type",
    "type": "text"
  },
  {
    "id": "origin",
    "type": "location"
  },
  {
    "id": "owner_uuid",
    "type": "text"
  },
  {
    "id": "particle_cpu_usage",
    "type": "number"
  },
  {
    "id": "passengers",
    "type": "array"
  },
  {
    "id": "ping",
    "type": "number"
  },
  {
    "id": "pitch",
    "type": "number"
  },
  {
    "id": "player_count",
    "type": "number"
  },
  {
    "id": "pose",
    "type": "text"
  },
  {
    "id": "potion_effects",
    "type": "array"
  },
  {
    "id": "projectile_owner_uuid",
    "type": "text"
  },
  {
    "id": "projectile_power",
    "type": "vector"
  },
  {
    "id": "protocol_version",
    "type": "number"
  },
  {
    "id": "remaining_air",
    "type": "number"
  },
  {
    "id": "response_headers",
    "type": "map"
  },
  {
    "id": "saddle_item",
    "type": "item"
  },
  {
    "id": "selection_size",
    "type": "number"
  },
  {
    "id": "selection_target_names",
    "type": "text"
  },
  {
    "id": "selection_target_uuids",
    "type": "text"
  },
  {
    "id": "server_current_tick",
    "type": "number"
  },
  {
    "id": "server_stopped_time",
    "type": "number"
  },
  {
    "id": "server_tps",
    "type": "number"
  },
  {
    "id": "spawn_location",
    "type": "location"
  },
  {
    "id": "spawn_reason",
    "type": "text"
  },
  {
    "id": "steer_forward",
    "type": "number"
  },
  {
    "id": "steer_sideways",
    "type": "number"
  },
  {
    "id": "target_block_face",
    "type": "text"
  },
  {
    "id": "target_block_location",
    "type": "location"
  },
  {
    "id": "target_fluid_location",
    "type": "location"
  },
  {
    "id": "targeted_entity",
    "type": "text"
  },
  {
    "id": "timestamp",
    "type": "number"
  },
  {
    "id": "url",
    "type": "text"
  },
  {
    "id": "url_response",
    "type": "text"
  },
  {
    "id": "url_response_code",
    "type": "number"
  },
  {
    "id": "user_locale",
    "type": "text"
  },
  {
    "id": "uuid",
    "type": "text"
  },
  {
    "id": "vehicle",
    "type": "text"
  },
  {
    "id": "velocity",
    "type": "vector"
  },
  {
    "id": "walking_speed",
    "type": "number"
  },
  {
    "id": "world_clear_weather_duration",
    "type": "number"
  },
  {
    "id": "world_game_time",
    "type": "number"
  },
  {
    "id": "world_id",
    "type": "text"
  },
  {
    "id": "world_moon_phase",
    "type": "text"
  },
  {
    "id": "world_size",
    "type": "number"
  },
  {
    "id": "world_thunder_duration",
    "type": "number"
  },
  {
    "id": "world_time",
    "type": "number"
  },
  {
    "id": "world_weather",
    "type": "text"
  },
  {
    "id": "world_weather_duration",
    "type": "number"
  },
  {
    "id": "x_coordinate",
    "type": "number"
  },
  {
    "id": "y_coordinate",
    "type": "number"
  },
  {
    "id": "yaw",
    "type": "number"
  },
  {
    "id": "z_coordinate",
    "type": "number"
  }
]